{
  "name": "MCP_Server",
  "nodes": [
    {
      "parameters": {
        "path": "8b4b6fb7-e064-43fc-8aa3-6a2578365c18"
      },
      "type": "@n8n/n8n-nodes-langchain.mcpTrigger",
      "typeVersion": 2,
      "position": [
        -144,
        -208
      ],
      "id": "5685e79b-10b9-44b4-9362-864da5eded87",
      "name": "MCP Server Trigger",
      "webhookId": "8b4b6fb7-e064-43fc-8aa3-6a2578365c18"
    },
    {
      "parameters": {
        "sendTo": "={{ /*n8n-auto-generated-fromAI-override*/ $fromAI('To', ``, 'string') }}",
        "subject": "={{ /*n8n-auto-generated-fromAI-override*/ $fromAI('Subject', ``, 'string') }}",
        "message": "={{ /*n8n-auto-generated-fromAI-override*/ $fromAI('Message', ``, 'string') }}",
        "options": {}
      },
      "type": "n8n-nodes-base.gmailTool",
      "typeVersion": 2.1,
      "position": [
        -512,
        -80
      ],
      "id": "9df8b9ef-8091-4bcf-b80c-570fdd601ec0",
      "name": "Send a message in Gmail",
      "webhookId": "5e32d82b-5202-452b-a90c-331798d83fa8",
      "credentials": {
        "gmailOAuth2": {
          "id": "aI9oQkL348KsIdUO",
          "name": "Gmail account"
        }
      }
    },
    {
      "parameters": {
        "operation": "reply",
        "messageId": "={{ /*n8n-auto-generated-fromAI-override*/ $fromAI('Message_ID', ``, 'string') }}",
        "message": "={{ /*n8n-auto-generated-fromAI-override*/ $fromAI('Message', ``, 'string') }}",
        "options": {}
      },
      "type": "n8n-nodes-base.gmailTool",
      "typeVersion": 2.1,
      "position": [
        -352,
        48
      ],
      "id": "ffb2a464-676c-4e11-85cf-0897bc341e64",
      "name": "Reply to a message in Gmail",
      "webhookId": "8bc3f555-fa85-4db0-9b6e-dea1a547e6fb",
      "credentials": {
        "gmailOAuth2": {
          "id": "aI9oQkL348KsIdUO",
          "name": "Gmail account"
        }
      }
    },
    {
      "parameters": {
        "calendar": {
          "__rl": true,
          "mode": "id",
          "value": "talksvenky@gmail.com",
          "__regex": "(^[a-zA-Z0-9.!#$%&’*+/=?^_`{|}~-]+@[a-zA-Z0-9-]+(?:\\.[a-zA-Z0-9-]+)*)"
        },
        "start": "={{ /*n8n-auto-generated-fromAI-override*/ $fromAI('Start', ``, 'string') }}",
        "end": "={{ /*n8n-auto-generated-fromAI-override*/ $fromAI('End', ``, 'string') }}",
        "additionalFields": {}
      },
      "type": "n8n-nodes-base.googleCalendarTool",
      "typeVersion": 1.3,
      "position": [
        -208,
        64
      ],
      "id": "edecd851-3009-4c54-9f32-4b7ef1894bf8",
      "name": "Create an event in Google Calendar",
      "credentials": {
        "googleCalendarOAuth2Api": {
          "id": "WKPSVmc138jjZcPD",
          "name": "Google Calendar account"
        }
      }
    },
    {
      "parameters": {
        "resource": "calendar",
        "calendar": {
          "__rl": true,
          "mode": "id",
          "value": "talksvenky@gmail.com",
          "__regex": "(^[a-zA-Z0-9.!#$%&’*+/=?^_`{|}~-]+@[a-zA-Z0-9-]+(?:\\.[a-zA-Z0-9-]+)*)"
        },
        "timeMin": "={{ /*n8n-auto-generated-fromAI-override*/ $fromAI('Start_Time', ``, 'string') }}",
        "timeMax": "={{ /*n8n-auto-generated-fromAI-override*/ $fromAI('End_Time', ``, 'string') }}",
        "options": {}
      },
      "type": "n8n-nodes-base.googleCalendarTool",
      "typeVersion": 1.3,
      "position": [
        -48,
        112
      ],
      "id": "a5519619-cb76-41f6-9b7c-b4569b9f8f95",
      "name": "Get availability in a calendar in Google Calendar",
      "credentials": {
        "googleCalendarOAuth2Api": {
          "id": "WKPSVmc138jjZcPD",
          "name": "Google Calendar account"
        }
      }
    },
    {
      "parameters": {
        "operation": "update",
        "calendar": {
          "__rl": true,
          "mode": "id",
          "value": "talksvenky@gmail.com",
          "__regex": "(^[a-zA-Z0-9.!#$%&’*+/=?^_`{|}~-]+@[a-zA-Z0-9-]+(?:\\.[a-zA-Z0-9-]+)*)"
        },
        "eventId": "={{ /*n8n-auto-generated-fromAI-override*/ $fromAI('Event_ID', ``, 'string') }}",
        "updateFields": {}
      },
      "type": "n8n-nodes-base.googleCalendarTool",
      "typeVersion": 1.3,
      "position": [
        128,
        64
      ],
      "id": "4c4b958b-ce1c-4446-91aa-61dcc1bf570d",
      "name": "Update an event in Google Calendar",
      "credentials": {
        "googleCalendarOAuth2Api": {
          "id": "WKPSVmc138jjZcPD",
          "name": "Google Calendar account"
        }
      }
    },
    {
      "parameters": {
        "operation": "getAll",
        "returnAll": "={{ /*n8n-auto-generated-fromAI-override*/ $fromAI('Return_All', ``, 'boolean') }}",
        "filters": {}
      },
      "type": "n8n-nodes-base.gmailTool",
      "typeVersion": 2.1,
      "position": [
        288,
        -48
      ],
      "id": "e23c0211-d385-415c-9dfe-45efdcece610",
      "name": "Get many messages in Gmail",
      "webhookId": "5605b6dc-7eb1-49e7-a166-2bdab2f4ae7a",
      "credentials": {
        "gmailOAuth2": {
          "id": "aI9oQkL348KsIdUO",
          "name": "Gmail account"
        }
      }
    }
  ],
  "pinData": {},
  "connections": {
    "Send a message in Gmail": {
      "ai_tool": [
        [
          {
            "node": "MCP Server Trigger",
            "type": "ai_tool",
            "index": 0
          }
        ]
      ]
    },
    "Reply to a message in Gmail": {
      "ai_tool": [
        [
          {
            "node": "MCP Server Trigger",
            "type": "ai_tool",
            "index": 0
          }
        ]
      ]
    },
    "Create an event in Google Calendar": {
      "ai_tool": [
        [
          {
            "node": "MCP Server Trigger",
            "type": "ai_tool",
            "index": 0
          }
        ]
      ]
    },
    "Get availability in a calendar in Google Calendar": {
      "ai_tool": [
        [
          {
            "node": "MCP Server Trigger",
            "type": "ai_tool",
            "index": 0
          }
        ]
      ]
    },
    "Update an event in Google Calendar": {
      "ai_tool": [
        [
          {
            "node": "MCP Server Trigger",
            "type": "ai_tool",
            "index": 0
          }
        ]
      ]
    },
    "Get many messages in Gmail": {
      "ai_tool": [
        [
          {
            "node": "MCP Server Trigger",
            "type": "ai_tool",
            "index": 0
          }
        ]
      ]
    }
  },
  "active": true,
  "settings": {
    "executionOrder": "v1"
  },
  "versionId": "d7b9aa50-bc67-4fa2-985f-ef414f3d1ed0",
  "meta": {
    "templateCredsSetupCompleted": true,
    "instanceId": "82c97dedcdd1759c57ff884b20649a25f6c68fca7901eca602afefa65e7ef4dd"
  },
  "id": "AcOulslODBeG2aYy",
  "tags": [
    {
      "createdAt": "2025-08-21T07:19:09.690Z",
      "updatedAt": "2025-08-21T07:19:09.690Z",
      "id": "gFV0UJmOoQnGHjRP",
      "name": "Agentic_AI_Course"
    }
  ]
}